Nui_Plantes,Nom Scientifique,Synonyme,Nom vernaculaire,Famille,Pharmacopée
nui_pla_00001,Acalypha arvensis  Poepp. ,"Acalypha pavoniana Müll. Arg., Ricinocarpus arvensis (Poepp.) Kuntze","Armoise, La chenille, Queue de chat, Lanmwaz, Ti ponpon, Zôti-bata",Euphorbiaceae,TRAMIL
nui_pla_00002,Achyranthes aspera L.,"Achyranthes indica (L.) Mill., Achyranthes robusta C.H. Wright, Achyranthes obovata Peter, Achyranthes aspera L. var. obtusifolia (Lam.) Suess. , Achyranthes obtusifolia Lam., Centrostachys aspera (L.) Standl., Centrostachys indica (L.) Standl.Attention: Fournet dit quil y aurait 2 espèces : A. aspera L, variété pubescens (Moq) - C. Towns et A. aspera- L, variété aspera ex A. indica) - Mill. Et surtout que la dernière ne serait pas disponible en Martinique.Si cest seulement A.var. PUBESCENS, alors cest « kavalié monté »... et non « patagon mal »….","Herbe d'Eugène, Herbe cyclone, Collant, Patagon, Kolan, Zèb syklon",Amaranthaceae,Ayurvédique/Indienne
nui_pla_00003,Acmella oleracea (L.) R.K. Jansen,"Bidens fervida Lam., Bidens fusca Lam., Cotula pyretharia L., Isocarpha pyrethraria (L.) Cass., Pyrethrum spilanthus Medik., Spilanthes fusca Lam., Spilanthes oleracea Jacq. , Spilanthes acmella var. oleraceae (L.) C.B. Clarl ex Hook. F.","Poupée jaune, Pierrette, Bouton d’or, Popote jaune, Créosote, Créosote pays, Lapyérèt, Pòpot jòn, Bouton do, Kréyozot, Zeb bouton",Asteraceae,Aucune
nui_pla_00004,Acmella uliginosa (Sw.) Cass.,"Ceratocephalus acmelia var. depauperata Kuntze, Ceratocephalus acmella var. depauperata Kuntze, Ceratocephalus acmella var. uliginosa (Sw.) Kuntze, Coreopsis acmella var. uliginosa (Sw.) K. Krause, Jaegeria uliginosa (Sw.) Spreng., Spilanthes acmella (L.) Murray, Spilanthes acmella var. uliginosa (Sw.) Baker, Spilanthes charitopis A.H. MooreSpilanthes iabadicensis A.H. Moore, Spilanthes lundii DeCandolle, Spilanthes salzmannii DC., Spilanthes uliginosa Sw., Spilanthes uliginosa var. discoidea Aristeg.","Cresson de para, Popotte jaune, Bouton d'or, Pierrette Créosote, Herbe-mal-aux-dents, Marguerite jaune, Chevalier midi, Kréyosot péyi, Pòpot jòn, Bouton dlo, Bouton do, Pimantè, Ti magrit, Zeb maldan",Asteraceae,Aucune
nui_pla_00005,Ageratum conyzoides L.,"Ageratum arsenei B.L. Rob., Ageratum conyzoides var. inaequipaleaceum Hieron., Ageratum hirsutum Poir., Ageratum hirtum Lam., Ageratum latifolium Cav., Ageratum latifolium var. galapageium B.L. Rob., Ageratum microcarpum (Benth.) Hemsl., Ageratum pinetorum (L.O. Williams) R.M. King & H. Rob., Alomia microcarpa (Benth.) B.L. Rob., Alomia pinetorum L.O. WilliamsCarelia conyzoides (L.) Kuntze","Herbe à femme, Guérit-tout, Herbe aux sorciers, Herbe bouc, Herbe à pisser, Zèb a fanm, Djéri tout, Radié fwanswa, Zèb (a) sòsié, Zèb (a) pisé, Bouton, Ti pendou, Zèb laviej, Bouton blé",Asteraceae,Française
nui_pla_00006,Alpinia zerumbet (Pers.) B.L. Burtt & R.M. Sm.,"Alpinia fluviatilis Hayata, Alpinia schumanniana Valeton, Alpinia speciosa (J.C. Wendl.) K. Schum., Costus zerumbert Pers., Languas schumanniana (Valeton) Sasaki, Languas speciosa (J.C. Wendl.) Small, Zerumbet speciosum J.C. Wendl.","À-tous-maux, Atoumo",Zingiberaceae,TRAMIL
nui_pla_00007,Anacardium occidentale L.,"Acajuba occidentalis (L.) Gaertn., Anacardium microcarpum Ducke","Anarcade, Acajou, Noix de cajou, Pomme noix, Pomme cajou, Pomme de cajou, Pomme d’acajou, Nwa-kajou, Nwa akajou, ponm kajou, Ponm nwa",Anacardiaceae,TRAMIL
nui_pla_00008,Anredera leptostachys (Moq.) Steenis,Boussingaultia leptostachys Moq.,"Glycérine, Glisérin, Glisérin blan, Guérit-tout",Basellaceae,TRAMIL
nui_pla_00009,Bidens pilosa L.,"Bidens adhaerescens Vell., Bidens alausensis Kunth, Bidens alba (L.) DC., Bidens chilensis DC., Bidens leucantha (L.) Willd., Bidens leucanthema (L.) Willd., Bidens montaubani Phil., Bidens odorata Cav., Bidens scandicina Kunth, Centipeda orbicularis Lour.","Herbe aiguille, Herbe à aiguilles, Aiguille-à-chien, Persil bâtard, Piquant, Sournet, Zèb Zedjui, Ti Zedjui, Zédjui Chien, Z’aiguille, Piquant, Sornet",Asteraceae,TRAMIL
nui_pla_00010,Boerhavia diffusa L.,"Boerhavia adscendens Willd., Boerhavia caribaea Jacq., Boerhavia coccinea Mill., Boerhavia coccinea var. leiocarpa (Heimerl) Standl., Boerhavia coccinea var. paniculata (Rich.) Moscoso, Boerhavia diffusa var. leiocarpa (Heimerl) C.D. Adams, Boerhavia diffusa var. mutabilis R. Br.Boerhavia erecta L., Boerhavia repens var. diffusa (L.) Heimerl ex Hook. f., Boerhavia surinamensis Miq., Boerhavia viscosa Lag. & Rodr.","Patagon, Patagon rouge, Patagon wouj, Valerian",Nyctaginaceae,Française
nui_pla_00011,Bursera simaruba (L.) Sarg.,"Bursera bonairensis Boldingh, Bursera gummifera L., Bursera integerrima (Tul.) Triana & Planch., Bursera ovalifolia (Schltdl.) Engl., Bursera subpubescens (Rose) Engl., Burseria gummifera (L.) L., Elaphrium integerrimum Tul., Elaphrium ovalifolium Schltdl., Elaphrium simaruba (L.) Rose, Elaphrium subpubescens Rose, Pistacia simaruba L., Tapirira macrophylla Lundell","Gommier, Gommier rouge, Gommier barrière, Gonmié, Gonmié wouj, Gonmié bayè",Burseraceae,TRAMIL
nui_pla_00012,Calophyllum calaba Jacq. ou Calophyllum calaba L.,"≠Pour Calophyllum calaba Jacq. : Calophyllum antillanum Britton, Calophyllum brasiliense Cambess, Calophyllum brasiliense Cambess var. antillanum Standl.Pour la plupart des botanistes, Calophyllum antillanum Britton = Calophyllum calaba Jacq. ? Calophyllum calaba L. Pour dautres, et notamment Fournet (2002), Calophyllum antillanum Britton = Calophyllum calaba L. (ainsi que pour Carrington, 1993)A noter que le genre Calophyllum (Clusiacées) pose des difficultés dordre taxonomique liées à la présence de nombreuses variétés locales.",Galba,Clusiaceae,Aucune
nui_pla_00013,Capraria biflora L.,"Capraria biflora subsp. havanensis Tzvelev, Capraria biflora var. pilosa Griseb., Capraria hirsuta Kunth, Capraria semiserrata Willd., Capraria semiserrata var. berterii A. DC.","Thé pays, Thé des anglais, Thé des Antilles, Thé de santé, Thé muraille, Dité péyi, Té péyi, Té miray",Scrophulariaceae,TRAMIL
nui_pla_00014,Cassia fistula L.,"Bactyrilobium fistula (L.) Willd., Cassia bonplandiana DC., Cassia fistuloides Collad., Cassia rhombifolia Roxb., Cathartocarpus excelsus G. Don, Cathartocarpus fistula (L.) Pers., Cathartocarpus fistuloides (Collad.) G. Don, Cathartocarpus rhombifolius G. Don","Casse, Cassier, Canéficier, Canéfier, Faux séné, Faux caroubier, Douche d'or, Averse dorée, Kas, Kanéfis[",Caesalpiniaceae,TRAMIL
nui_pla_00015,Chamaesyce hirta (L.) Millsp.,"Euphorbia globulifera Kunth, Euphorbia hirta L., Euphorbia pilulifera L.","Malnommée, Malnommée rouge, Pilulier, Malonmé wouj, Zèb malonmé, Malomen, Malnonmen",Euphorbiaceae,TRAMIL
nui_pla_00016,Chromolaena odorata (L.) R.M. King & H. Rob.,Eupatorium odoratum L.,"Fleurit-Noël, Langue à chat, Guérit tout Fléri nwel, Radi mayengwen, Lang ( a) cha, Djéri-tout, Djéri two vit",Asteraceae,TRAMIL
nui_pla_00017,Chrysophyllum cainito A. DC.,"Cainito pomiferum Tussac, Chrysophyllum cainito var. jamaicense Jacq., Chrysophyllum cainito var. martinicense Pierre ex Duss, Chrysophyllum cainito var. pomiferum (Tussac) Pierre, Chrysophyllum cainito var. portoricense A. DC., Chrysophyllum monopyrenum Sw., Cynodendron bicolor (Poir.) Baehni","Caïmitier, Pomme de lait, Pié-kayimit, Kayimit blan",Sapotaceae,Aucune
nui_pla_00018,Cissus verticillata (L.) Nicolson & C. E. Jarvis,"Cissus sicyoides L., Cissus andraeana Planch., Cissus canescens Lam., Cissus compressicaulis Ruiz & Pav., Cissus cordifolia L., Cissus digitinervis Ram. Goyena, Cissus elliptica Schltdl. & Cham., Cissus gonavensis Urb. & Ekman, Cissus nitida Vell., Cissus obscura DC., Cissus obtusata Benth., Cissus officinalis Klotzsch, Cissus ovata Lam., Cissus plumeri Planch., Cissus puncticulosa Rich., Cissus smilacina Kunth, Cissus tamoides Cambess., Cissus tucumana Suess., Cissus umbrosa Kunth, Phoradendron verticillatum (L.) Druce, Spondylantha aphylla C. Presl, Viscum verticillatum L., Vitis elliptica (Schltdl. & Cham.) Hemsl., Vitis sicyoides (L.) Miq.","Liane molle, Liane brûlante, Liane-à-chasseur, Liane douce, Liane-à-eau, Liane corde, Lienn brilan, Lienn chasè, Lienn dous, Lienn dlo, Lienn kod, Liennn sèpan",Vitaceae,TRAMIL
nui_pla_00019,Citharexylum spinosum L.,"Citharexylum fruticosum L., Citharexylum fruticosum var. brittonii Moldenke","Côtelette, Bois côtelette, Kotlet, Bwa kotlet, Bwa karé, Bwa gita,Bwadfé blan",Verbenaceae,Aucune
nui_pla_00020,Coccoloba uvifera (L.) L.,"Guaiabara uvifera (L.) House, Polygonum uvifera L.","Raisinier bord de mer, Raisinier-pays, Rézen-bod-lanmè, Rézen, Rézigné bodlanmè, Rézigné",Polygonaceae,TRAMIL
nui_pla_00021,Colubrina elliptica (Sw.) Brizicky & W.L. Stern,"Colubrina hondurensis A. Molina, Colubrina reclinata (L'Hér.) Brongn., Colubrina venezuelensis Steyerm., Rhamnus elliptica Sw.","Bois mabi, Bwa-mabi",Rhamnaceae,Aucune
nui_pla_00022,Cordia martinicensis (Jacq.) Roem. & Schult.,Varronia martinicensis Jacq.,"Bois noir, Mahot noir, Bois blesse, Bwa-nwè, Maho-nwè, Bwa-blès.",Boraginaceae,TRAMIL
nui_pla_00023,Daphnopsis americana (Mill.) J.R. Johnst.,"Daphne bonplandiana Kunth, Daphne cestrifolia Kunth, Daphne lagetto Sw., Daphne lagetto Bonpl. ex Kunth, Daphne obovata Humb. ex Wikstr., Daphne tinifolia Sw., Daphnopsis americana subsp. guatemalensis Nevling, Daphnopsis bonplandiana (Kunth) Meisn., Daphnopsis bonplandiana (Kunth) Standl., Daphnopsis bonplandiana (Kunth) Meisn., Daphnopsis caribaea Griseb., Daphnopsis caribaea var. ecuadorensis Domke, Daphnopsis cestrifolia (Kunth) Meisn., Daphnopsis incerata Cuatrec., Daphnopsis lindenii Meisn.Daphnopsis seibertii Standl., Daphnopsis tinifolia Griseb., Daphnopsis tinifolia (Sw.) Meisn., Hargasseria cestrifolia (Kunth) Endl., Hargasseria mexicana C.A. Mey., Hargasseria schiedeana Endl., Hargasseria tinifolia (Sw.) Endl., Laurus americana Mill., Nordmannia tinifolia (Sw.) Fisch. & C.A. Mey.","Mahot-piment, Maho piman",Thymelaeaceae,Aucune
nui_pla_00024,Eclipta prostrata (L.) L.,"Eclipta alba (L.) Hassk., Eclipta erecta L., Eclipta humilis Kunth, Eclipta marginata Boiss., Eclipta thermalis Bunge, Eleutheranthera prostrata (L.) Sch. Bip., Galinsoga oblonga DC., Polygyne inconspicua Phil., Verbesina alba L., Verbesina conyzoides Trew, Verbesina prostrata L., Wedelia psammophila Poepp., Wiborgia oblongifolia Hook.","Congo lala, Podjak, Kongo lala",Asteraceae,TRAMIL
nui_pla_00025,Emilia sonchifolia (L.) DC.,"Cacalia sonchifolia L., Crassocephalum sonchifolium (L.) Less. , Emilia rigidula DC., Emilia sinica Miq., Senecio sonchifolius (L.), Moench","Centime, Goutte de sang, Santim",Asteraceae,Aucune
nui_pla_00026,Eryngium foetidum L.,"Eryngium antihystericum Rottb., Eryngium antithystericum Rottb., Eryngium foetidum fo. comosum Urb., Eryngium foetidum fo. nudum H. Wolff, Eryngium molleri Gand.","Chardon béni, Herbe à fer, Chadron béni, Chadwon béni",Apiaceae,TRAMIL
nui_pla_00027,Eupatorium macrophyllum L.,"Ageratum guianense Aubl., Hebeclinium macrophyllum (L.) DC.","Herbe à chat, Zèb a chat",Asteraceae,TRAMIL
nui_pla_00028,Eupatorium triplinerve M. Vahl ex Blume,"Ayapana triplinervis (Vahl) R.M. King & H. Rob., Eupatorium ayapana Vent.","Ayapana, Japana, Diapana, Djapanna blanc",Asteraceae,TRAMIL
nui_pla_00029,Genipa americana L.,"Gardenia genipa Sw., Genipa barbata PRESL, Genipa caruto Kunth, Genipa codonocalyx Standl., Genipa cymosa SpruceGenipa excelsa K. Krause, Genipa grandifolia Pers., Genipa nervosa SpruceGenipa oblongifolia Ruiz & Pav., Genipa pubescens DC., Genipa spruceana Steyerm.Genipa venosa Standl.","Génipa, Génipayer, Jénipa",Rubiaceae,TRAMIL
nui_pla_00030,Guazuma ulmifolia Lam.,"Bubroma grandiflorum Willd. ex Spreng., Bubroma guazuma (L.) Willd., Bubroma invira Willd., Bubroma polybotryum (Cav.) Willd., Bubroma tomentosum (Kunth) Spreng., Diuroglossum rufescens Turcz., Guazuma blumei G. Don, Guazuma bubroma Tussac, Guazuma coriacea Rusby, Guazuma grandiflora (Willd. ex Spreng.) G. Don, Guazuma guazuma (L.) Cockerell, Guazuma guazuma var.,  tomentosa (Kunth) Kuntze, Guazuma guazuma var. ulmifolia (Lam.) , Kuntze, Guazuma invira (Willd.) G. Don, Guazuma parvifolia A. Rich., Guazuma polybotra Cav., Guazuma tomentosa Kunth, Guazuma tomentosa var. cumanensis G. Don, Guazuma tomentosa var. monpoxensis G. Don, Guazuma ulmifolia var. glabra K. Schum., Guazuma ulmifolia var., tomentella K. Schum., Guazuma ulmifolia var. tomentosa (Kunth) K. , Schum., Guazuma ulmifolia var. trianae K. Schum., Guazuma ulmifolia var. velutina K. Schum., Guazuma utilis Poepp., Theobroma grandiflorum (Willd. ex Spreng.) K. Schum., Theobroma tomentosa (Kunth) M. Gómez","Bois d’orme, Bibi jacot, Bwa donm, Bwa dlonm, Maho baba",Sterculiaceae,TRAMIL
nui_pla_00031,Hamelia patens Jacq.,"Duhamelia patens (Jacq.) Pers., Duhamelia sphaerocarpa (Ruiz & Pav.) Pers., Hamelia brachystemon Wernham, Hamelia brittoniana Wernham, Hamelia coccinea Sw., Hamelia erecta Jacq., Hamelia intermedia Urb. & Ekman, Hamelia lanuginosa M. Martens & Galeotti, Hamelia latifolia Rchb. ex DC., Hamelia nodosa M. Martens & Galeotti, Hamelia patens var. glabra Oerst., Hamelia sphaerocarpa Ruiz & Pav., Hamelia suaveolens Kunth, Hamelia tubiflora Wernham, Hamelia viridiflora Wernham","Fleur corail, Flè-Koray",Rubiaceae,TRAMIL
nui_pla_00032,Hibiscus rosa-sinensis L.,,"Coquelicot rouge, kokliko wouj",Malvaceae,TRAMIL
nui_pla_00033,Hibiscus sabdariffa L.,"Hibiscus cruentus Bertol., Hibiscus fraternus L., Hibiscus palmatilobus Baill., Sabdariffa rubra Kostel.","Groseille-pays, Oseille de Guinée, Gwozey-péyi, Gwozey-djinen, Bissap",Malvaceae,TRAMIL
nui_pla_00034,Hyptis atrorubens Poit.,"Hyptis tenella Briq. & Spruce, Mesosphaerum atrorubens (Poit.) Kuntze","Herbe à mouches, Teigne, Makouza, Lategn, Zèb mouch",Lamiaceae,TRAMIL
nui_pla_00035,Ilex dioica (Vahl) Griseb.,Prinos dioicus Vahl,Sitwonié montann,Aquifoliaceae,Aucune
nui_pla_00036,Justicia pectoralis Jacq.,"Dianthera pectoralis (Jacq.) J.F. Gmel., Dianthera pectoralis (Jacq.) Murray, Dianthera pectoralis (Jacq.) J.F. Gmel., Ecbolium pectorale (Jacq.) Kuntze, Justicia pectoralis var. latifolia Bremek., Psacadocalymma pectorale (Jacq.) Bremek., Rhytiglossa pectoralis (Jacq.) Nees, Stethoma pectoralis (Jacq.) Raf.","Herbe charpentier, Zèb chapantié",Acanthaceae,TRAMIL
nui_pla_00037,Justicia secunda Vahl,"Justicia caripensis Kunth, Justicia moricandiana (Nees) Lemée, Rhacodiscus moricandianus (Nees) Bremek., Rhacodiscus secundus (Vahl) Bremek., Rhytiglossa moricandiana Nees, Rhytiglossa secunda (Vahl) Nees, Sericographis caripensis (Kunth) Nees","Herbe tension, Feuille tension, Jacobin-pays, Tue-sang, Zèb tansion, Tansion, Fonlsan, Tusan",Acanthaceae,Française
nui_pla_00038,Kalanchoe pinnata (Lam.) Pers.,"Bryophyllum calycinum Salisb., Bryophyllum germinans P. Fr. M. Blanco, Bryophyllum pinnatum (Lam.) Oken, Bryophyllum pinnatum (Lam.) Asch. & Schweinf., Bryophyllum pinnatum (Lam.) Oken, Bryophyllum pinnatum (Lam.) Kurz, Bryophyllum pinnatum (Lam.) Oken, Cotyledon calycina A.G. Roth, Cotyledon calyculata Solander, Cotyledon pinnata Lam., Cotyledon rhizophilla Roxb., Crassuvia floripendia Comm. ex Lam., Crassuvia floripenula Comm., Kalanchoe brevicalyx (Raym.-Hamet & H. Perrier) Boiteau, Kalanchoe calcicola (H. Perrier) Boiteau, Kalanchoe calycinum Salisb., Kalanchoe pinnata var. brevicalyx Raym.-Hamet & H. Perrier, Kalanchoe pinnata var. calcicola H. Perrier, Kalanchoe pinnata var. floripendula Pers., Kalanchoe pinnata var. genuina Raym.-Hamet, Sedum madagascariense Clus., Verea pinnata (Lam.) Spreng.","Herbe mal-de-tête, Zèb mal-tèt, Chance, Fey chans",Crassulaceae,TRAMIL
nui_pla_00039,Leonotis nepetifolia (L.) R. Br.,"Leonotis kwebensis N.E. Br., Phlomis nepetifolia L.Remarque : de nombreuses données bibliographiques existent sous le binôme incorrect Leonotis nepetaefolia","Pompon-soldat, Pompon, Gros pompon, Ponpon, Gwo ponpon",Lamiaceae,TRAMIL
nui_pla_00040,Lepianthes peltata (L.) Raf. ex R.A. Howard,"Heckeria peltata (L.) Kunth, Heckeria scutata (A. Dietr.) Kunth, Heckeria speciosa (Kunth) Kunth, Lepianthes peltata (L.) Raf., Peperomia peltata (L.) A. Dietr., Peperomia pruinosa (Kunth) Bonpl., Peperomia scutata A. Dietr., Peperomia speciosa (Kunth) Bonpl., Piper ottonis (Miq.) C. DC., Piper peltatum L., Piper pruinosum Kunth, Piper scutatum Willd., Piper scutiphyllum Ham., Piper speciosum Kunth, Pothomorphe almirantensis Trel., Pothomorphe baileyorum Trel., Pothomorphe baileyorum var. paucispica Trel., Pothomorphe ottonis Miq., Pothomorphe peltata (L.) Miq., Pothomorphe scutata (A. Dietr.) Miq., Pothomorphe speciosa (Kunth) Miq., Pothomorphe tecumensis Trel., Pothomorphe tecumensis var. grandis Trel.","Bois anisette, Guérit-tout, Mal dòmi, Bwa lannizet",Piperaceae,TRAMIL
nui_pla_00041,Lippia alba (Mill.) N.E. Br.,"Lantana alba Mill., Lantana geminata (Kunth) Spreng., Lippia geminata Kunth, Lippia geminata var. microphylla Griseb., Lippia globiflora var. geminata (Kunth) Kuntze, Lippia alba f. alba Moldenke, Lippia alba f. intermedia Moldenke, Lippia alba f. macrophylla Moldenke, Lippia alba f. scabra Moldenke, Lippia alba var. globiflora (LHér.) Moldenke, Lippia alba var. carterae Moldenke, Lippia alba var., lanceolata (Griseb.) Múlgura","Brisée, l’Amérique, Chine, Kintonin, Brizé, Dité lanmérik, Chin, Té dchin, Té karib",Verbenaceae,TRAMIL
nui_pla_00042,Maclura tinctoria (L.) D. Don ex Steud.,"Broussonetia plumerii Spreng., Broussonetia tinctoria (L.) Kunth, Chlorophora mollis Fernald, Chlorophora mora (Griseb.) Lillo, Chlorophora reticulata Herzog, Chlorophora tinctoria (L.) Gaudich., Chlorophora tinctoria (L.) Gaudich. ex Benth., Chlorophora tinctoria (L.) Gaudich., Chlorophora tinctoria (L.) Gaudich. ex Benth., Chlorophora tinctoria (L.) Gaudich. ex Benth., Chlorophora tinctoria fo. glabrescens Huber, Chlorophora tinctoria fo. miqueliana Hassl., Chlorophora tinctoria fo. polyneura (Miq.) Hassl., Chlorophora tinctoria fo. tataiiba Hassl., Chlorophora tinctoria subsp. mora (Griseb.) Hassl., Chlorophora tinctoria subsp. zanthoxylon (L.) Hassl., Chlorophora tinctoria var. acuminatissima Huber, Chlorophora tinctoria var. affinis (Miq.) Hassl., Chlorophora tinctoria var. mora (Griseb.) Lillo, Chlorophora tinctoria var. ovata (Bureau) Chodat, Chlorophora tinctoria var. zanthoxylon (L.) Chodat, Chlorophora tinctoria var. zanthoxylon (L.) Hassl., Fusticus tataiba Raf., Fusticus tinctorius (L.) Raf., Fusticus vera Raf., Fusticus zanthoxylon (L.) Raf., Ioxylon mora (Griseb.) Kuntze, Maclura affinis Miq., Maclura chlorocarpa Liebm., Maclura mora Griseb., Maclura plumerii (Spreng.) D. Don ex Steud., Maclura polyneura Miq., Maclura sempervirens Ten., Maclura subintegerrima Miq., Maclura tinctoria subvar., lobata Bureau, Maclura tinctoria subvar. quercina Bureau, Maclura tinctoria subvar. sinuata Bureau, Maclura tinctoria var. affinis (Miq.) Bureau, Maclura tinctoria var. ovata Bureau, Maclura tinctoria var. polyneura (Miq.) Bureau, Maclura tinctoria var. subcuneata Bureau, Maclura tinctoria var. subintegerrima (Miq.) Bureau, Maclura tinctoria var. zanthoxylon (L.) Bureau, Maclura trilobata Rojas AcostaMaclura velutina Blume, Maclura zanthoxylon (L.) Endl.Morus tinctoria L., Morus zanthoxylon L.","Murier-pays, Miryé péyi",Moraceae,TRAMIL
nui_pla_00043,Microtea debilis Sw.,Schollera debilis (Sw.) J.B. Rohr,"Marie perrine, Mari périn",Phytolaccaceae,Aucune
nui_pla_00044,Neurolaena lobata (L.) Cass.,"Calea lobata (L.) Sw., Calea suriani Cass., Conyza lobata L., Conyza symphytifolia Mill., Critonia chrysocephala (Klatt) R.M. King & H. Rob., Eupatorium chrysocephalum Klatt, Eupatorium valverdeanum Klatt, Neurolaena fulva B.L. Turner, Neurolaena integrifolia Klatt, Neurolaena integrifolia Cass., Neurolaena lobata var. indivisa Donn. Sm., Neurolaena suriani (Cass.) Cass., Pluchea symphytifolia (Mill.) Gillis","Herbe-pique, Tabac diable, Herbe à pique, Fey-pik, Tabak-djab, Zèb a pik",Asteraceae,TRAMIL
nui_pla_00045,Ocimum gratissimum,"Ocimum guineense Schumach. & Thonn., Ocimum viride Willd.","Framboisin, Fonbazen",Lamiaceae,TRAMIL
nui_pla_00046,Orthosiphon aristatus (Blume) Miq.,"Orthosiphon spicatus (Thunberg) Baker, Orthosiphon stamineus Benth., Clerodendranthus spicatus (Thunb.) C.Y. Wu ex H.W. Li","Orthosiphon, Moustache de chat, Moustach chat, Babin chat",Lamiaceae,TRAMIL
nui_pla_00047,Peperomia pellucida (L.) Kunth,"Micropiper pellucidum (L.) Miq.Peperomia concinna (Haw.) A. Dietr.Peperomia ephemera EkmanPeperomia pellucida var. minor Miq., Peperomia pellucida var. pygmaea Willd. ex Miq., Peperomia translucens Trel., Piper concinnum Haw.Piper pellucidum L.","Herbe couresse, Zèb koures",Piperaceae,TRAMIL
nui_pla_00048,Petiveria alliacea L.,Petiveria foetida Salisb.,"Arada, Douvan nèg, Zèb senmitiè, Douvan douvan",Phytolaccaceae,TRAMIL
nui_pla_00049,Plectranthus amboinicus (Lour.) Spreng.,"Coleus amboinicus Lour., Coleus aromaticus Benth.","Gros thym, Gros baume, Gwo-ten, Gwo bom",Lamiaceae,TRAMIL
nui_pla_00050,Pluchea carolinensis (Jacq.) G. Don,"Conyza carolinensis Jacq., Conyza cortesii Kunth, Pluchea cortesii (Kunth) DC., Pluchea symphytifolia (Mill.) GillisNB : Le site « Tropicos » (http://www.tropicos.org) du Missouri Botanical Garden considère Pluchea carolinensis (Jacq.) G. Don et Pluchea odorata (L.) Cass. comme synonymes, alors que dautres autorités botaniques, et notamment J. Fournet, les considèrent comme étant deux espèces distinctes. Les différences physiques (feuilles plus larges pour odorata), et dhabitat (humidiferant pour ce dernier) semblent corroborer lassertion de ce dernier.","Tabac diable, Guérit-tout, Tabak jako, Djéri-tout, Tabak diab",Asteraceae,TRAMIL
nui_pla_00051,Pluchea odorata (L.) Cass.,"Conyza cortesii Kunth, Conyza odorata L., Conyza purpurascens Sw., Pluchea cortesii (Kunth) DC., Pluchea marilandica (Michx.) Cass., Pluchea purpurascens (Sw.) DC.NB : Le site « Tropicos » (http://www.tropicos.org) du Missouri Botanical Garden considère Pluchea carolinensis (Jacq.) G. Don et Pluchea odorata (L.) Cass. comme synonymes, alors que dautres autorités botaniques, et notamment J. Fournet, les considèrent comme étant deux espèces distinctes.","Guérit-tout, Sauge rouge, Djéri-tout",Asteraceae,TRAMIL
nui_pla_00052,Polygala paniculata L.,Polygala paniculata var. leocoptera S.F. Blake,"Ester fragile, Essence fragile, Herbe à lait, Lèsta frajil, Zèb a let, Estè frajil",Polygalaceae,TRAMIL
nui_pla_00053,Polyscias guilfoylei (W. Bull) L.H. Bailey,"Aralia guilfoylei W. Bull, Aralia monstrosa hort. ex Truff., Nothopanax fruticosus var. victoriae (W. Bull ex hort.) Merr., Panax dumosus W. Bull ex hort., Panax laciniata Williams ex hort., Panax victoriae W. Bull ex hort., Polyscias guilfoylei var. laciniata (Williams ex hort.) L.H. Bailey, Polyscias guilfoylei var. monstrosa (hort. ex Truff.) L.H. Bailey, Polyscias guilfoylei var. victoriae (W. Bull ex hort.) L.H. Bailey","Romarin, Romarin blanc, Womaren blan",Araliaceae,Aucune
nui_pla_00054,Polyscias scutellaria « Cochleatum » (Burm. f.) Fosberg,"Polyscias balfouriana (André) L.H. BAILEY, Nothopanax cochleatum (Lam. Miq.) daprès la banque de données « Tropicos » du Missouri Botanical Garden. N.B. : des incertitudes demeurent sur lidentité précise des différentes espèces de Polyscias retenues dans notre programme. En effet, daprès Le Missouri Botanical Garden, Polyscias balfouriana (André) L.H. Bailey, « Womaren blan » en créole martiniquais, est donnée en synonymie avec Polyscias scutellaria (Burm. f.) Fosberg, « Boldo » en créole martiniquais. Il est probable que lespèce présente une variabilité morphologique importante. Lespèce nommée « Bôldo »ou « Tjuyè-lavièj » en Martinique est P. scutellaria (Burm.f.) Fosberg, MAIS avec la spécification « CV. Cochleatum ». Est-ce un cultivar ou une espèce distincte ?",Boldo,Araliaceae,Aucune
nui_pla_00055,Portulaca oleracea L.,"Portulaca consanguinea Schltdl., Portulaca intermedia Link ex Schltdl., Portulaca marginata Kunth, Portulaca mundula I.M. Johnst., Portulaca neglecta Mack. & Bush, Portulaca oleracea subsp. nicaraguensis Danin & H.G. Baker, Portulaca oleracea subsp. sylvestris Thell., Portulaca oleracea var. granulatostellulata Poelln., Portulaca oleracea var. macrantha Eggers, Portulaca oleracea var. opposita Poelln., Portulaca oleracea var. parvifolia (Haw.) Griseb., Portulaca pilosa L., Portulaca pusilla Kunth, Portulaca retusa Engelm.","Pourpier, Koupié",Portulacaceae,TRAMIL
nui_pla_00056,Psidium guajava L.,"Guajava pyrifera (L.) Kuntze, Myrtus guajava (L.) Kuntze, Psidium guajava var. cujavillum (Burman) Krug & Urb., Psidium guajava var. guajava, Psidium guava Griseb., Psidium guayava Raddi, Psidium igatemyensis Barb. Rodr., Psidium pomiferum L., Psidium pumiferum L., Psidium pumilum Vahl, Psidium pumilum var. guadalupense DC., Psidium pyriferum L.","Goyavier, Goyave, Gwayav",Myrtaceae,TRAMIL
nui_pla_00057,Quassia amara L.,"Quassia alatifolia Stokes, Quassia officinalis Rich.","Kina, Quina",Simaroubaceae,Française
nui_pla_00058,Sambucus canadensis L.,"Sambucus canadensis var. oreopola (Donn. Sm.) Rehder, Sambucus canadensis var. submollis Rehder, Sambucus mexicana C. Presl ex DC., Sambucus simpsonii Rehder, Sambucus nigra subsp. canadensis (L.) Bolli, Sambucus oreopola Donn. Sm.NB : Lespèce utilisée en Martinique est Sambucus canadensis var. laciniata  Urb. (Longuefosse et Nossin, 1986). Nous ne savons pas si cette espèce  diffère au niveau de ses propriétés chimiques et biologiques de  Sambucus canadensis L. stricto sensu.","Sureau, Sirio",Caprifoliaceae,TRAMIL
nui_pla_00059,Scoparia dulcis L.,"Capraria dulcis (L.) Kuntze, Gratiola micrantha Nutt., Scoparia grandiflora Nash, Scoparia ternata Forsk.","Balai doux, Balé dou",Scrophulariaceae,Française
nui_pla_00060,Senna alata (L.) Roxb.,"Cassia alata L., Cassia alata var. perennis Pamp., Cassia alata var. rumphiana DC., Cassia bracteata L. f., Cassia herpetica Jacq., Herpetica alata (L.) Raf., Herpetica alata Cook & Collins","Cassia alata, Kasialata",Fabaceae,TRAMIL
nui_pla_00061,Spermacoce verticillata L.,"Borreria globularioides Cham. & Schltdl., Borreria graminifolia M. Martens & Galeotti, Borreria kohautiana Cham. & Schltdl., Borreria laevigata M. Martens & Galeotti, Borreria molleri Gand., Borreria oaxacana M. Martens & Galeotti, Borreria podocephala DC., Borreria stricta (L. f.) G. Mey., Borreria thymocephala Griseb., Borreria verticillata (L.) G. Mey., Borreria verticillata var. thymiformis B.L. Rob., Spermacoce fruticosa Pohl ex DC., Spermacoce globosa Schumach. & Thonn., Spermacoce graminifolia (M. Martens & Galeotti) Hemsl., Spermacoce laevigata (M. Martens & Galeotti) Hemsl., Spermacoce molleri (Gand.) Govaerts, Spermacoce oaxacana (M. Martens & Galeotti) Hemsl., Spermacoce reclinata Nees, Spermacoce thymocephala (Griseb.) Wright","Herbe à cornette, Ma cornette, Zèb a kônèt, Makônèt",Rubiaceae,Aucune
nui_pla_00062,Stachytarpheta jamaicensis (L.) Vahl,"Stachytarpheta friedrichsthalii Hayek, Stachytarpheta jamaicensis fo. albiflora Standl., Stachytarpheta jamaicensis fo. atrocoerulea Moldenke, Stachytarpheta jamaicensis fo. monstrosa Moldenke, Stachytarpheta pilosiuscula Kunth, Verbena jamaicensis L.","Verveine queue de rat, Verveine Caraïbe, Queue de rat, Vèvenn, Vèvenn latjé-rat, Vèvenn karayib, Latjérat, Vèvenn latjérat",Verbenaceae,TRAMIL
nui_pla_00063,Struchium sparganophorum (L.) Kuntze,"Ethulia sparganophora L., Ethulia struchium Sw., Sparganophorus africanus (P. Beauv.) Steud., Sparganophorus fasciatus Poir., Sparganophorus fasciculatus Steud., Sparganophorus fuscatus Steud., Sparganophorus sparganophora (L.) C. Jeffrey, Sparganophorus struchium (Sw.) Pers., Sparganophorus struchium (Sw.) Poir., Sparganophorus vaillantii CrantzStruchium africanum P. Beauv., Struchium americanum Poir., Struchium herbaceum J. St.-Hil.","Oreille-à-mouton, Zorèy-mouton, Zowey-mouton",Asteraceae,TRAMIL
nui_pla_00064,Syzygium jambos (L.) Alston,"Eugenia jambos L. , Jambos jambos (L.) Millsp. , Jambos vulgaris DC., Jambosa jambos (L.) Millsp. , Jambosa vulgaris DC. , Myrtus jambos (L.) Kunth","Pommier-rose, Pomme-rose, Ponm woz",Myrtaceae,Aucune
nui_pla_00065,Tinospora crispa (L.) Hook. f. & Thomson,"Menispermum crispum L., Tinospora gibbericaulis Hand.-Mazz., Tinospora mastersii Diels, Tinospora rumphii Boerl., Tinospora thorelii Gagnep., Tinospora crispa Miers","Liane de Cayenne, Liane amère, Liane serpent, Bois Cayenne, Herbe Cayenne, Lyenn sepan, Zèb kayenn, Lyann anme, Bwa kayenn, Lyann kayenn",Menispermaceae,Ayurvédique/Indienne
nui_pla_00066,Wedelia trilobata (L.) Hitchc.,"Silphium trilobatum L., Verbesina tridentata Spreng., Wedelia carnosa Rich.","Herbe à femme, Herbe soleil, Patte de canard, Fleur soleil, Verveine soleil, Flè soley, Pat kanna, Zèb soley, Vèvenn soley, Brenbal, Boyo tòti",Asteraceae,TRAMIL
nui_pla_00067,Xanthium strumarium L.,"Xanthium americanum Walter, Xanthium cavanillesii Schouw, Xanthium chasei Fernald, Xanthium chinense Mill., Xanthium curvescens Millsp. & Sherff, Xanthium cylindricum Millsp. & Sherff, Xanthium echinatum Murray, Xanthium echinellum Greene ex Rydb., Xanthium globosum C. Shull., Xanthium inflexum Mack. & Bush, Xanthium italicum Moretti, Xanthium natalense Widder, Xanthium orientale L., Xanthium oviforme Wallr., Xanthium pensylvanicum Wallr., Xanthium pungens Wallr., Xanthium speciosum Kearney, Xanthium strumarium var. canadense (Mill.) Torr. & A. Gray, Xanthium strumarium var. glabratum (DC.) Cronquist, Xanthium varians Greene, Xanthium wootonii Cockerell","Gros cousin, Lampourde louteron, Zédjoui kochon, Gwo kouzen, Kok",Asteraceae,TRAMIL
nui_pla_00068,Zanthoxylum martinicense (Lam.) DC.,"Fagara amoyensis (Tul.) Engl., Fagara martinicensis Lam., Zanthoxylum album Vahl, Zanthoxylum amoyense Tul., Zanthoxylum juglandifolium var. berterianum DC., Zanthoxylum juglandifolium Willd., Zanthoxylum lanceolatum Poir.","Epineux jaune, Lépini jòn, Lépini",Rutaceae,Aucune
nui_pla_00069,Zanthoxylum spinifex (Jacq.) DC.,Zanthoxylum tragodes (L.) DC.,"Epineux blanc, Lépini blan",Rutaceae,Aucune
nui_pla_00070,Artocarpus altilis," Artocarpus communis J. R. Forst. & G. Forst., Artocarpus incisa L., Radermachia incisa Thunb","Arbre à pain, fouyapen, fwiyapen",Moraceae,
